[
{
    "government_labs": [
      {
        "address": " ICMR-Regional Medical Research Centre, Post Bag 13, Dollygunj, Port Blair, Andaman and Nicobar Islands 744103",
        "name": " ICMR-Regional Medical Research Centre, Port Blair"
      }
    ],
    "state_or_UT": "Andaman & Nicobar Island"
  },
{
    "government_labs": [
      {
        "address": "Sri Venkateswara Institute of Medical Sciences, Tirupati, Andhra Pradesh Alipiri Rd, Sri Padmavati Mahila Visvavidyalayam, Tirupati, Andhra Pradesh 517507",
        "name": "Sri Venkateswara Institute of Medical Sciences, Tirupati"
      },
      {
        "address": "Rangaraya Medical College, Kakinada Pithampuram Road, Kakinada, Andhra Pradesh 533001",
        "name": " Rangaraya Medical College, Kakinada"
      },
      {
        "address": " Siddhartha Medical College, Vijayawada NH 16 Service Rd, beside Dr NTR University of Health Sciences, Gunadala, Vijayawada, Andhra Pradesh 520008",
        "name": "Sidhartha Medical College, Vijaywada"
      },
      {
        "address": "Government Medical College, Anantapur, Rahamat Nagar, Anantapur, Andhra Pradesh 515001",
        "name": "Government Medical College, Anantapur"
      },
      {
        "address": "Guntur Medical College, Guntur Kanna Vari Thota, Guntur, Andhra Pradesh 522004",
        "name": "Guntur Medical College, Guntur"
      },
      {
        "address": "Rajiv Gandhi Institute of Medical Sciences, Kadapa Puttampalli, Andhra Pradesh 516002",
        "name": " Rajeev Gandhi Institute of Medical Sciences (RIMS), Kadappa"
      }
    ],
    "state_or_UT": "Andhra Pradesh"
  },
 {
    "government_labs": [
      {
        "address": "Guwahati Narakasur Hilltop, Bhangagarh, Guwahati, Assam 781032",
        "name": "Gauhati Medical College, Guwahati"
      },
      {
        "address": "Regional Medical Research Centre, Dibrugarh Bokul, Lahowal, Dibrugarh, Assam, Assam 786001",
        "name": "Regional Medical Research Centre, Dibrugarh"
      },
      {
        "address": "Jorhat Medical College, Jorhat Kushal Konwar Path, Barbheta, Jorhat, Assam 785001",
        "name": "Jorhat Medical College, Jorhat"
      },
      {
        "address": "Silchar Medical College, Silchar Ghungoor Road, beside Indian Post, Masimpur, Uttar Krishnapur Pt III, Assam 788014",
        "name": "Silchar Medical College, Silchar"
      },
      {
        "address": "Fakhruddin Medical College, Barpeta-Hospital-Jania Rd, Joti Gaon, Assam 781301",
        "name": "Fakhruddin Medical College, Barpeta"
      }
    ],
    "state_or_UT": "Assam"
  },
  {
    "government_labs": [
      {
        "address": "Rajendra Memorial Research Institute of Medical Sciences, Sadikpur, Patna, Bihar 800007",
        "name": "Rajendra Memorial Research Institute of Medical Sciences, Patna"
      },
      {
        "address": "Indira Gandhi Institute of Medical Sciences, Allahabad bank, Bailey Rd, Sheikhpura, Patna, Bihar 800014",
        "name": "Indira Gandhi Institute of Medical Sciences, Patna"
      },
      {
        "address": "Patna Medical College, Ashok Rajpath, Patna University Campus, Patna, Bihar 80001",
        "name": "Patna Medical College, Patna"
      },
      {
        "address": "Darbhanga Medical College, DMCH Rd, Allalpatti, Laheriasarai, Darbhanga, Bihar 846003",
        "name": "Darbhanga Medical College, Darbhanga"
      }
    ],
    "state_or_UT": "Bihar"
  },
  {
    "government_labs": [
      {
        "address": "Post Graduate Institute of Medical Education & Research, Chandigarh, Madhya Marg, Sector 12, Chandigarh, 160012",
        "name": "Post Graduate Institute of Medical Education & Research, Chandigarh"
      },
      {
        "address": "Government Medical College & Hospital, Chandi Path, Sector 32B, 32B, Sector 32, Chandigarh, 160047",
        "name": "Government Medical College & Hospital, Chandigarh"
      }
    ],
    "state_or_UT": "Chandigarh"
  },
  {
    "government_labs": [
      {
        "address": "All India Institute of Medical Science (AIIMS), Great Eastern Rd, AIIMS Campus, Tatibandh, Raipur, Chhattisgarh 492099",
        "name": "All India Institute of Medical Science (AIIMS), Raipur"
      },
      {
        "address": "Late Baliram Kashyap M Govt. Medical College, Dimrapal, Jagdalpur, Chhattisgarh 494001",
        "name": "Late Baliram Kashyap M Govt. Medical College, Jagdalpur"
      }
    ],
    "state_or_UT": "Chattisgarh"
  },
{
    "government_labs": [
      {
        "address": "National Modern Medical Education and Research Institute and Shri Vinoba Bhave Civil Hospital, Sayali Road, Silvassa Dadra & Nagar Haveli 396230 India",
        "name": "Shri Vinoba Bhave Civil Hospital and NAtional MOdern Medical Education and Research Institute, Silvassa"
      }
    ],
    "state_or_UT": "Dadra & Nagar Haveli"
  },
{
    "government_labs": [
      {
        "address": " All India Institute of Medical Sciences, Sri Aurobindo Marg, Ansari Nagar, Ansari Nagar East, New Delhi, Delhi 110029",
        "name": "All India Institute of Medical Sciences, New Delhi"
      },
      {
        "address": "Lady Hardinge Medical College, Connaught Place, New Delhi, Delhi 110001",
        "name": "Lady Hardinge Medical College, New Delhi"
      },
      {
        "address": "National Centre for Disease Control, 22, Sham Nath Marg, Civil Lines, New Delhi, Delhi 110054",
        "name": "National Centre for Disease Control, New Delhi"
      },
      {
        "address": "Ram Manohar Lohia Hospital, Type III, President's Estate, New Delhi, Delhi 110001",
        "name": "Ram Manohar Lohia Hospital, New Delhi"
      },
      {
        "address": "Institute of Liver and Biliary Sciences, D1 ILBS Road, Vasant Kunj, New Delhi, Delhi 110070",
        "name": "Institute of Liver and Biliary Sciences, New Delhi"
      },
      {
        "address": "Army Hospital Research & Referral, Military Hospital Road Near, Subroto Park, Dhaula Kuan, New Delhi, Delhi 110010",
        "name": "Army Hospital Research & Referral, New Delhi"
      },
      {
        "address": "Maulana Azad Medical College, 2, Bahadur Shah Zafar Marg, New Delhi, Delhi 110002",
        "name": "Maulana Azad Medical College, New Delhi"
      }
    ],
	"state_or_UT": "Delhi"
},
{
"government_labs": [
      {
        "address": "BJ medical college, Asarwa, Civil Hospital Campus, Ahmedabad, Gujarat 380016",
        "name": "BJ Medical College, Ahmedabad"
      },
      {
        "address": "M.P. Shah Govt Medical College, Pandit Nehru Marg, Indradeep Society, Jamnagar, Gujarat 361008",
        "name": "M. P. Shah Govt Medical College, Jamnagar"
      },
      {
        "address": "Government Medical College, Opp Income Tax Department Office, Majura Gate, Surat, Gujarat 395001",
        "name": "Government Medical College, Surat"
      },
      {
        "address": "Government Medical College, Near State Road Transport Corporation Bus Stand, Bhavnagar, Gujarat 364001",
        "name": "Government Medical College, Bhavnagar"
      },
      {
        "address": "Government Medical College, Vinoba Bhave Rd, Anandpura, Vadodara, Gujarat 390001",
        "name": "Government Medical College, Vadodara"
      },
      {
        "address": "Government Medical College, Pandit Dindayal Upadhyay Medical College, Sadar Civil Hospital Campus, Rajkot, Gujarat 360001",
        "name": "Government Medical College, Rajkot"
      }
    ],
"state_or_UT": "Gujarat"
},
{
    "government_labs": [
      {
        "address": "Goa Medical College and Hospital, Bambolim Bambolim, Tiswadi Goa India 403202",
        "name": "Goa Medical College, Bambolim"
      }
    ],
    "state_or_UT": "Goa"
  },
{
"government_labs": [
      {
        "address": "Pandit Bhagwat Dayal Sharma Post Graduate Institute of Medical Sciences, SH 16A, Dev Colony, Rohtak, Haryana 124514",
        "name": "Pandit Bhagwat Dayal Sharma Post Graduate Institute of Medical Sciences, Rohtak"
      },
      {
        "address": "Bhagat Phool Singh Government Medical College, Ganaur - Gohana Rd, Khanpur Kalan, Haryana 131305",
        "name": "BPS Government Medical College for Women, Sonipat"
      }
    ],
"state_or_UT": "Haryana"
},
{
    "government_labs": [
      {
        "address": "Indira Gandhi Medical College, Ridge Sanjauli Rd, Lakkar Bazar, Shimla, Himachal Pradesh 171001",
        "name": "Indira Gandhi Medical College, Shimla"
      },
      {
        "address": "Dr. Rajendra Prasad Government Medical College, Tanda Hospital Rd, Kangra, Himachal Pradesh 176001",
        "name": "Dr. Rajendra Prasad Government Medical College, Tanda"
      }
    ],
    "state_or_UT": "Himachal Pradesh"
  },
{
    "government_labs": [
      {
        "address": "Government Medical College, maheshpura, chowk, Bakshi Nagar, Jammu Cantonment, Jammu and Kashmir 180001",
        "name": "Government Medical College, Jammu"
      },
      {
        "address": "Command Hospital, Raghunathpura, Udhampur, Jammu and Kashmir 182101",
        "name": "Command Hospital, Udhampur"
      },
      {
        "address": "Sher - i-Kashmir Institute of Medical Sciences, SKIMS Main Rd, Soura, Srinagar, 190011",
        "name": "Sher-i -Kashmir Institute of Medical Sciences, Srinagar"
      },
      {
        "address": "Government Medical College, Jammu and Kashmir, Bemina, Srinagar, 190010",
        "name": "Government Medical College, Srinagar"
      }
    ],
    "state_or_UT": "Jammu & Kashmir"
  },
 {
    "government_labs": [
      {
        "address": "MGM Medical College, Dimna Rd, Hill View Colony, Mango, Jamshedpur, Jharkhand 831020",
        "name": "MGM Medical College, Jamshedpur"
      },
      {
        "address": "Rajendra Institute of Medical Sciences, Cir, Indraprasth Colony, Bariatu, Ranchi, Jharkhand 834009",
        "name": "Rajendra Institute of Medical Sciences, Ranchi"
      }
    ],
    "state_or_UT": "Jharkand"
  },
{

    "government_labs": [
      {
        "address": "Hassan Institute of Medical Sciences, Shri panchamukhi medicals and clinic, opp. govt high school, Hassan, Karnataka 573201",
        "name": "Hassan Institute of Medical Sciences, Hassan"
      },
      {
        "address": "Mysore Medical College & Research Institute, Irwin Road, next to Railway Staion, Mysuru, Karnataka 570001",
        "name": "Mysore Medical College & Research Institute, Mysore"
      },
      {
        "address": "Shimoga Institute of Medical Sciences, N.H.206, Sagara Road, Shivamogga, Karnataka 577201",
        "name": "Shimoga Institute of Medical Sciences, Shivamogga"
      },
      {
        "address": "Command Hospital (Air Force) , Cambridge Rd, Cambridge Layout, Jogupalya, Bengaluru, Karnataka 560007",
        "name": "Command Hospital (Air Force) Bengaluru"
      },
      {
        "address": "Bangalore Medical College & Research Institute, Krishna Rajendra Rd, Bengaluru, Karnataka 560002",
        "name": "Bangalore Medical College & Research Institute, Bangaluru"
      },
      {
        "address": " National Institute of Virology, Field Unit, Jaya Nagar 1st Block, Jayanagar, Bengaluru, Karnataka 560011",
        "name": "National Institute of Virology, Field Unit, Bengaluru"
      },
      {
        "address": "Gulbarga Institute Of Medical Sciences, Sedam Rd,Veeresh Nagar Cross, behind MRMC, Gulbarga, Karnataka 585101",
        "name": "Gulbarga Institute Of Medical Sciences, Gulbarga"
      },
      {
        "address": "National Institute of Mental Health and Neurosciences,, Hosur Road, Lakkasandra, Hombegowda Nagar, Bengaluru, Karnataka 560029",
        "name": "National Institute of Mental Health and Neurosciences, Bengaluru"
      },
      {
        "address": "Vijayanagar Institute of Medical Sciences, Contonment, Bellary 583104, Karnataka, India",
        "name": "Vijayanagar Institute of Medical Science, Bellary"
      },
      {
        "address": "Wenlock District Hospital, Hampankatta, Mangalore, Karnataka 575001",
        "name": "Wenlock District Hospital, Mangalore"
      },
      {
        "address": "Karnataka Institute of Medical Sciences (K.I.M.S.), P. B Road, Vidyanagar, Hubli – 580022, Karnataka, India",
        "name": "Karnataka Institute of Medical Sciences (K.I.M.S.), Hubballi"
      }
    ],
"state_or_UT": "Karnataka"
},
{
"government_labs": [
      {
        "address": "National Institute of Virology Field Unit, Allapuzzha Vandanam, Kerala 688005",
        "name": "National Institute of Virology Field Unit, Allapuzzha"
      },
      {
        "address": "Government Medical College, Ulloor - Akkulam Rd, near SAT hospital Medical College Junction, Chalakkuzhi, Thiruvananthapuram, Kerala 695011",
        "name": "Government Medical College, Trivandrum"
      },
      {
        "address": "Government Medical College, 17 Medical College Road Medical College Junction, Near Police Station, Kozhikode, Kerala 673008",
        "name": "Government Medical College, Kozhikode"
      },
      {
        "address": "Government Medical College, M. G. Kavu, Thrissur, Kerala 680596",
        "name": "Government Medical College, Thrissur"
      },
      {
        "address": "Rajiv Gandhi Center for Biotechnology,, Melarannoor Road Behind Central Jail Poojapura, Thycaud, Thiruvananthapuram, Kerala 695014",
        "name": "Rajiv Gandhi Center for Biotechnology, Thiruvananthapuram"
      },
      {
        "address": "Sree Chitra Tirunal Institute for Medical Sciences & Technology, Jai Nagar W Rd, Chalakkuzhi, Thiruvananthapuram, Kerala 695011",
        "name": "Sree Chitra Tirunal Institute for Medical Sciences & Technology, Thiruvananthapuram"
      },
      {
        "address": "State Public Health Laboratory, Red Cross Road, Near, General Hospital Rd, Rishimangalam, Pattoor, Thiruvananthapuram, Kerala 695024",
        "name": "State Public Health Laboratory, Trivandrum"
      },
      {
        "address": "Interuniversity, kottayam, Thalappady, Kerala 686019",
        "name": "Interuniversity, kottayam"
      },
      {
        "address": "Malabar Cancer Centre, Kodiyeri, Muzhikkara - MCC Rd, Illathaazha, Thalassery, Kerala 670103",
        "name": "Malabar Cancer Centre, Thalassery"
      },
      {
        "address": "Central University of Kerala, Tejaswini Hills, Periye (PO), Kasaragod (DT), Kerala - 671316",
        "name": "Central University of Kerala, Kasaragod"
      }
    ],
"state_or_UT": "Kerala"
},
{
"government_labs": [
      {
        "address": "National Institute of Virology, Pune, 130/1, Pashan - Sus Rd, Pashan Gaon, Pashan, Pune, Maharashtra 411021",
        "name": "National Institute of Virology, Pune"
      },
      {
        "address": "Seth GS Medical College & KEM Hospital, Acharya Donde Marg, Parel, Mumbai, Maharashtra 400012",
        "name": "Seth GS Medical College & KEM Hospital, Mumbai"
      },
      {
        "address": "Kasturba Hospital for Infectious Diseases, Sane Guruji Marg, Arya Nagar, Chinchpokli, Mumbai, Maharashtra 400034",
        "name": "Kasturba Hospital for Infectious Diseases, Mumbai"
      },
      {
        "address": "National Institute of Virology Field Unit, Haffkine Institute Compound, A D Marg, Parel Mumbai 4000012",
        "name": "National Institute of Virology Field Unit, Mumbai"
      },
      {
        "address": "Armed Forces Medical College, Southern Command, Solapur Road, Wanowrie, near Race Course, Pune, Maharashtra 411040",
        "name": "Armed Forces Medical College, Pune"
      },
      {
        "address": "BJ Medical College, Jai Prakash Narayan Road, Railway Station Rd, near Pune, Maharashtra 411001",
        "name": "BJ Medical College, Pune"
      },
      {
        "address": "Indira Gandhi Government Medical College & Hospital, Mayo Hospital, Central Ave, Mominpura, Nagpur 440018",
        "name": "Indira Gandhi Government Medical College & Hospital, Nagpur"
      },
      {
        "address": "Grant Medical College & Sir JJ Hospital, J J Marg, Nagpada-Mumbai Central, Noor Baug, Mazgaon, Mumbai, Maharashtra 400008",
        "name": "Grant Medical College & Sir JJ Hospital, Mumbai"
      },
      {
        "address": "Govt Medical College & Hospital, University Road, Jubilee Park, Aurangabad, Maharashtra 431004",
        "name": "Govt Medical College & Hospital Aurangabad"
      },
      {
        "address": "V. M. Govt. Medical College, Opp. District Court, Solapur, Maharashtra 413003, India",
        "name": "V. M. Govt. Medical College, Solapur"
      },
      {
        "address": "Haffkine Institute, Acharya Donde Marg, Parel, Mumbai 400012, Maharashtra",
        "name": "Haffkine Institute, Mumbai"
      },
      {
        "address": "Shree Bhausaheb Hire Govt Medical College, Chakkarbardi, Malegaon Road, Dhule, Maharashtra 424001",
        "name": "Shree Bhausaheb Hire Govt Medical College, Chakkarbardi, Malegaon Road, Dhule, Maharashtra 424001"
      },
      {
        "address": "Government Medical College And Hospital, Pandharpur Rd, Maji Sainik Vasahat, Miraj, Maharashtra 416410",
        "name": "Government Medical College And Hospital, Miraj"
      },
      {
        "address": "All India Institute of Medical Sciences (AIIMS), Plot No. 2, Sector - 20, MIHAN, Nagpur 441108 Maharashtra",
        "name": "All India Institute of Medical Sciences (AIIMS), Nagpur"
      },
      {
        "address": "Department of Veterinary Public Health & Epidemiology, Nagpur Veterinary College. Seminary Hills, Nagpur 440006, Maharashtra",
        "name": "Nagpur Veterinary College, Nagpur"
      }
    ],
 "state_or_UT": "Maharashtra"
},
{
"government_labs": [
      {
        "address": "All India Institute of Medical Sciences (AIIMS), AIIMS Campus Rd, Saket Nagar, Habib Ganj, Bhopal, Madhya Pradesh 462026",
        "name": "All India Institute of Medical Sciences (AIIMS), Bhopal"
      },
      {
        "address": "National Institute for Research in Tribal Health, Nagpur Road, near NSCB Medical Collage, Dhanvantri Nagar, Shastri Nagar, Jabalpur, Madhya Pradesh 482003",
        "name": "National Institute for Research in Tribal Health, Jabalpur"
      },
      {
        "address": "MGM Medical College, A.B.Road, Indore, 452001 Indore, Madhya Pradesh",
        "name": "Mahatma Gandhi Memorial Medical College, Indore"
      },
      {
        "address": "Gandhi Medical College, Sultania Rd, near Hamidia Hospital, Royal Market, Bhopal, Madhya Pradesh 462001",
        "name": "Gandhi Medical College, Bhopal"
      },
      {
        "address": "Bhopal Memorial Hospital & Research Centre, Raisen Rd, Near Best Price, BMHRC Campus, Karond, Bhopal, Madhya Pradesh 462038",
        "name": "Bhopal Memorial Hospital & Research Centre, Bhopal"
      },
      {
        "address": "Gajra Raja Medical College, Yadav Colony, Lashkar, Gwalior, Madhya Pradesh 474009",
        "name": "Gajra Raja Medical College, Gwalior"
      },
      {
        "address": "Defence Research & Development Organisation, Jhansi Road, Gwalior-474002, Madhya Pradesh",
        "name": "Defence Research & Development Establishment (DRDE), Gwalior"
      }
    ],
"state_or_UT": "Madhya Pradesh"
},
{
    "government_labs": [
      {
        "address": "Jawaharlal Nehru Institute of Medical Sciences, Porompat, Imphal, Manipur 795004",
        "name": "Jawaharlal Nehru Institute of Medical Sciences, Imphal"
      },
      {
        "address": "Regional Institute of Medical Sciences, Lamphel Road, Lamphelpat, Imphal, Manipur 795004",
        "name": "Regional Institute of Medical Sciences, Imphal"
      }
    ],
    "state_or_UT": "Manipur"
  },
 {
    "government_labs": [
      {
        "address": "North Eastern Indira Gandhi Regional Institute of Health and Medical Sciences (NEIGRIHMS), NEIGRIHMS,Mawdiangdiang Shillong-793018, Meghalaya, India",
        "name": "North Eastern Indira Gandhi Regional Institute of Health and Medical Sciences (NEIGRIHMS), Shillong"
      }
    ],
    "state_or_UT": "Meghalaya"
  },
  {
    "government_labs": [
      {
        "address": "Zoram Medical College, State Referral Hospital, Falkawn, Aizwal, Mizoram 796005",
        "name": "Zoram Medical College, Aizwal"
      }
    ],
    "state_or_UT": "Mizoram"
  },
{
"government_labs": [
      {
        "address": "ICMR-Regional Medical Research Centre (RMRC), Chandrasekharpur, Bhubaneswar - 751 023, Odisha",
        "name": "ICMR-Regional Medical Research Centre (RMRC), Bhubaneswar"
      },
      {
        "address": "All India Institute of Medical Sciences (AIIMS), Sijua, Patrapada, Bhubaneswar, Odisha 751019",
        "name": "All India Institute of Medical Sciences (AIIMS), Bhubaneswar"
      },
      {
        "address": "SCB Medical College, PG Hostel, Cuttack, Odisha 753001",
        "name": "SCB Medical College, Cuttack"
      }
    ],
"state_or_UT": "Odisha"
},
{
    "government_labs": [
      {
        "address": "JIPMER Campus Rd, Gorimedu, Dhanvantari Nagar, Puducherry, 605006",
        "name": "Jawaharlal Institute of Postgraduate Medical Education and Research (JIPMER), Puducherry"
      }
    ],
    "state_or_UT": "Puducherry"
  },
  {
    "government_labs": [
      {
        "address": "Government Medical College, Medical Enclave, Amritsar, Punjab 143001",
        "name": "Government Medical College, Amritsar"
      },
      {
        "address": "Government Medical College, Sangrur Rd, New Lal Bagh Colony, Patiala, Punjab 147001",
        "name": "Government Medical College, Patiala"
      }
    ],
    "state_or_UT": "Punjab"
  },
{
    "government_labs": [
      {
        "address": "SMS Medical College, Jawahar Lal Nehru Marg, Gangawal Park, Adarsh Nagar, Jaipur, Rajasthan 302004",
        "name": "Sawai Man Singh (SMS) Medical College, Jaipur"
      },
      {
        "address": "Dr. S.N. Medical College, Residency Road, Near Sriram Excellency Hotel, Sector-D, Shastri Nagar, opposite Petrol Pump, Jodhpur, Rajasthan 342003",
        "name": "Dr. Sampurnanand Medical College, Jodhpur"
      },
      {
        "address": "Jhalawar Medical College, N.H.-12, Kota Rd, Jhalawar, Rajasthan 326001",
        "name": "Jhalawar Medical College, Jhalawar"
      },
      {
        "address": "RNT Medical College, Court Chowk, City's Prime Health Care Area, Udaipur, Rajasthan 313001",
        "name": "RNT Medical College, Udaipur"
      },
      {
        "address": "S.P. Medical College, PBM Hospital, Bikaner, Rajasthan 334001",
        "name": "S.P. Medical College, Bikaner"
      },
      {
        "address": "All India Institute of Medical Sciences (AIIMS), Basni Industrial Area, MIA 2nd Phase, Basni, Jodhpur, Rajasthan 342005",
        "name": "All India Institute of Medical Sciences (AIIMS), Jodhpur"
      },
      {
        "address": "JLN Medical College, Kala Bagh, Ajmer, Rajasthan 305001",
        "name": "JLN Medical College, Ajmer"
      },
      {
        "address": "Govt. Medical College, Rangbari Rd, Sector - A, Rangbari, Kota, Rajasthan 324010",
        "name": "Govt. Medical College, Kota"
      }
    ],
    "state_or_UT": "Rajasthan"
  },
{

    "government_labs": [
      {
        "address": "King Institute of Preventive Medicine and Research, Chennai",
        "name": "King Institute of Preventive Medicine and Research, Chennai"
      },
      {
        "address": " Madras Medical College, Near Park Town Station, Park Town, Chennai, Tamil Nadu 600003",
        "name": "Madras Medical College, Chennai, Tamil Nadu"
      },
      {
        "address": "Govt. Theni Medical College, k. villakku, Tamil Nadu 625531",
        "name": "Government Theni Medical College, Theni"
      },
      {
        "address": "Tirunelveli Medical College, 3, High Ground Rd, Palayamkottai, Tirunelveli, Tamil Nadu 627011",
        "name": "Tirunelveli Medical College, Tirunelveli"
      },
      {
        "address": "Government Medical College, Collector office Master Plan Complex, Collector Office Road, Thiruvarur, Tamil Nadu 610004",
        "name": "Government Medical College, Thiruvarur"
      },
      {
        "address": "Government Mohan Kumaramangalam Medical College, Steel Plant Road Sarkar Kollappatty, Salem, Tamil Nadu 636030",
        "name": "Kumar Mangalam Government Medical College, Salem"
      },
      {
        "address": "Coimbatore Medical College, 1 A, SF No 498, Avinashi Rd, Peelamedu, Civil Aerodrome Post, Coimbatore, Tamil Nadu 641018",
        "name": "Coimbatore Medical College, Coimbatore"
      },
      {
        "address": "Government Villupuram Medical College, Mundiyampakkam, Villupuram, Tamil Nadu 605601",
        "name": "Government Villupuram Medical College, Villupuram"
      },
      {
        "address": "Medical College, Medical College Rd, Alwarpuram, Madurai, Tamil Nadu 625020",
        "name": "Madurai Medical College, Madurai"
      },
      {
        "address": "K.A.P. Viswanatham Government Medical College, Periyamilaguparai, Colletor's office Road, Trichy, Tamil Nadu 620001",
        "name": "K.A.P. Viswanatham Government Medical College, Trichy"
      },
      {
        "address": "IRT Perundurai Medical College, Perundurai -638053 Erode District TamilNadu, India",
        "name": "IRT Perundurai Medical College, Perundurai"
      },
      {
        "address": " Stanley Medical College, No. 1, Old Jail Rd, Old Washermanpet, Chennai, Tamil Nadu 600001",
        "name": "Stanley Medical College, Chennai"
      }
    ],
 "state_or_UT": "Tamil Nadu"
},
{
"government_labs": [
      {
        "address": "Gandhi Medical College, Musheerabad, Padmarao Nagar, Secunderabad, Telangana 500003",
        "name": "Gandhi Medical College, Secunderabad"
      },
      {
        "address": "Osmania Medical College, 5-1-876, Turrebaz Khan Rd, Troop Bazaar, Koti, Hyderabad, Telangana 500095",
        "name": "Osmania Medical College, Hyderabad"
      },
      {
        "address": "Sir Ronald Ross of Tropical & Communicable Diseases, (Fever Hospital), CGHS Complex, Old Aiport Road, Motilal Nehru Nagar, Begumpet, Hyderabad, Telangana 500016",
        "name": "Sir Ronald Ross of Tropical & Communicable Diseases, Hyderabad"
      },
      {
        "address": "Punjagutta Rd, Punjagutta Market, Punjagutta, Hyderabad, Telangana 500082",
        "name": "Nizam's Institute Of Medical Sciences, Hyderabad"
      },
      {
        "address": "Centre for Cellular and Molecular Biology, Uppal Rd, IICT Colony, Habsiguda, Hyderabad, Telangana 500007",
        "name": "CSIR - Centre for Cellular and Molecular Biology, Hyderabad"
      },
      {
        "address": "Institute of Preventive Medicine, Narayanaguda, Hyderabad, Telangana 500029",
        "name": "Institute of Preventive Medicine, Hyderabad"
      }
    ],
"state_or_UT": "Telangana"
},
 {
    "government_labs": [
      {
        "address": "Government Medical College, 79 Tilla, Agartala, Tripura 799006",
        "name": "Government Medical College, Agartala"
      }
    ],
    "state_or_UT": "Tripura"
  },
{
"government_labs": [
      {
        "address": " King George's Medical University, Shah Mina Rd, Chowk, Lucknow, Uttar Pradesh 226003",
        "name": "King George's Medical University, Lucknow"
      },
      {
        "address": "Institute of Medical Sciences, BHU, Aurobindo Colony, Banaras Hindu University Campus, Varanasi, Uttar Pradesh 221005",
        "name": "Institute of Medical Sciences, BHU, Varanasi"
      },
      {
        "address": "Jawaharlal Nehru Medical College, Medical Rd, AMU Campus, Aligarh, Uttar Pradesh 202002",
        "name": "Jawaharlal Nehru Medical College, Aligarh"
      },
      {
        "address": "Command Hospital, Lucknow, Uttar Pradesh 226002",
        "name": "Command Hospital, Lucknow"
      },
      {
        "address": "Lala Lajpat Rai Memorial Medical College, Garh Road, Jai Bhim Nagar, Meerut, Uttar Pradesh 250002",
        "name": "Lala Lajpat Rai Memorial Medical College, Meerut"
      },
      {
        "address": "Sanjay Gandhi Post Graduate Institute, New PMSSY Rd, Raibareli Rd, Lucknow, Uttar Pradesh 226014",
        "name": "Sanjay Gandhi Post Graduate Institute, Lucknow"
      },
      {
        "address": "Uttar Pradesh University of Medical Sciences, Off, Kurawali - Mainpuri - Etawah Rd, Saifai, Uttar Pradesh 206130",
        "name": "Uttar Pradesh University of Medical Sciences, Saifai"
      },
      {
        "address": "ICMR- Regional Medical Research Centre, Baba Raghav Das (BRD) Medical College Campus, Gorakhpur, Uttar Pradesh PIN-273013",
        "name": "ICMR- Regional Medical Research Centre, Gorakhpur"
      },
      {
        "address": "Maharani Laxmi Bai Medical College, Jhansi - Kanpur Road, Jhansi, Uttar Pradesh 284001, India",
        "name": "Maharani Laxmi Bai Medical College, Jhansi"
      },
      {
        "address": "Motilal Nehru Medical College, George Town, Prayagraj, Uttar Pradesh 211002, India",
        "name": "Motilal Nehru Medical College, Prayagraj"
      }
    ],
"state_or_UT": "Uttar Pradesh"
},
{
"government_labs": [
      {
        "address": "Government Medical College, Rampur Rd, Rampur, Haldwani, Uttarakhand 263129",
        "name": "Government Medical College, Haldwani"
      },
      {
        "address": "All India Institute of Medical Sciences (AIIMS), Virbhadra Road Shivaji Nagar, near Barrage, Sturida Colony, Rishikesh, Uttarakhand 249203",
        "name": "All India Institute of Medical Sciences (AIIMS), Rishikesh"
      }
    ],
"state_or_UT": "Uttarakhand"
},
{
"government_labs": [
      {
        "address": "ICMR-National Institute of Cholera & Enteric Diseases (NICED), P-33, C.I.T. Road, Scheme XM, Beleghata, Kolkata 700 010, India",
        "name": "ICMR-National Institute of Cholera & Enteric Diseases (NICED), Kolkata"
      },
      {
        "address": "Institute of Post Graduate Medical Education and Research (IPGMER), 244, Acharya Jagadish Chandra Bose Rd, Bhowanipore, Kolkata, West Bengal 700020",
        "name": "Institute of Post Graduate Medical Education and Research (IPGMER), Kolkata"
      },
      {
        "address": " Midnapore Medical College, Vidyasagar Road , Paschim Medinipur, Midnapore, West Bengal, 721 101",
        "name": "Midnapore Medical College, Midnapore"
      },
      {
        "address": "North Bengal Medical College, Sushruta Nagar, Siliguri, West Bengal 734012",
        "name": "North Bengal Medical College, Siliguri"
      },
      {
        "address": "Chittaranjan National Cancer Institute, 37, Shyama Prasad Mukherjee Rd, Bakul Bagan, Bhowanipore, Kolkata, West Bengal 700026",
        "name": "Chittaranjan National Cancer Institute, Kolkata"
      },
      {
        "address": "School of Tropical Medicine, 108, Chittaranjan Avenue, Kolkata - 700073, West Bengal",
        "name": "School of Tropical Medicine, Kolkata"
      }
    ],
"state_or_UT": "West Bengal"
}
]